City_ID,City,Lat,Lng,Max Temp,Humidity,Cloudiness,Wind Speed,Country,Date
0,Bethel,41.3712,-73.414,69.89,66,75,4.61,US,2021-06-16 01:53:00
1,Arlit,18.7369,7.3853,88.41,13,0,7.49,NE,2021-06-16 01:53:00
2,Longyearbyen,78.2186,15.6401,28.98,87,41,2.57,SJ,2021-06-16 01:53:00
3,Bluff,-46.6,168.3333,50.81,89,100,3.22,NZ,2021-06-16 01:51:24
4,Avarua,-21.2078,-159.775,78.85,73,20,16.11,CK,2021-06-16 01:53:01
5,Rikitea,-23.1203,-134.9692,74.84,78,65,11.99,PF,2021-06-16 01:53:01
6,Coihaique,-45.5752,-72.0662,31.68,82,100,3.04,CL,2021-06-16 01:51:35
7,Ust-Ilimsk,58.0006,102.6619,57.6,65,100,5.48,RU,2021-06-16 01:53:01
8,Noumea,-22.2763,166.4572,82.38,99,22,8.43,NC,2021-06-16 01:53:01
9,Airai,-8.9266,125.4092,71.24,52,31,3.15,TL,2021-06-16 01:53:02
10,Polovinnoye,54.7914,65.9864,70.29,69,84,9.71,RU,2021-06-16 01:53:02
11,Punta Arenas,-53.15,-70.9167,39.31,87,0,13.8,CL,2021-06-16 01:50:54
12,Montes Altos,-5.8333,-47.0667,76.57,58,49,3.65,BR,2021-06-16 01:53:02
13,Tuktoyaktuk,69.4541,-133.0374,69.8,37,20,12.66,CA,2021-06-16 01:51:58
14,Port Alfred,-33.5906,26.891,65.35,54,99,9.98,ZA,2021-06-16 01:52:21
15,Cape Town,-33.9258,18.4232,58.12,90,0,5.75,ZA,2021-06-16 01:48:26
16,Korla,41.7597,86.1469,72.77,19,100,15.59,CN,2021-06-16 01:53:03
17,Carnarvon,-24.8667,113.6333,59.07,44,3,16.11,AU,2021-06-16 01:53:03
18,Teguldet,57.3064,88.1667,62.08,87,98,5.59,RU,2021-06-16 01:53:03
19,Nikolskoye,59.7035,30.7861,52.88,90,2,4.7,RU,2021-06-16 01:53:03
20,Hithadhoo,-0.6,73.0833,83.07,72,14,8.25,MV,2021-06-16 01:53:04
21,Barrow,71.2906,-156.7887,39.22,81,40,23.02,US,2021-06-16 01:50:37
22,Xifeng,42.7372,124.7222,78.17,59,80,9.17,CN,2021-06-16 01:53:04
23,Jamestown,42.097,-79.2353,62.24,51,1,5.75,US,2021-06-16 01:53:04
24,Niteroi,-22.8833,-43.1036,69.42,77,0,4.61,BR,2021-06-16 01:48:07
25,Honningsvag,70.9821,25.9704,42.64,77,100,23.67,NO,2021-06-16 01:53:04
26,Cayenne,4.9333,-52.3333,80.1,87,75,2.3,GF,2021-06-16 01:53:05
27,Mandurah,-32.55,115.7,56.21,67,22,5.41,AU,2021-06-16 01:50:10
28,Iberia,29.9502,-91.7507,78.12,82,67,3.15,US,2021-06-16 01:53:05
29,Tasiilaq,65.6145,-37.6368,26.28,76,26,1.99,GL,2021-06-16 01:53:05
30,Lodja,-3.4833,23.4333,67.15,52,88,1.3,CD,2021-06-16 01:53:05
31,Husavik,66.0449,-17.3389,37.31,76,100,12.08,IS,2021-06-16 01:53:06
32,Busselton,-33.65,115.3333,61.12,66,39,7.96,AU,2021-06-16 01:53:06
33,Ushuaia,-54.8,-68.3,37.06,81,40,9.22,AR,2021-06-16 01:50:34
34,Kapaa,22.0752,-159.319,84.18,79,75,1.99,US,2021-06-16 01:51:09
35,Pevek,69.7008,170.3133,37.53,86,37,5.57,RU,2021-06-16 01:53:06
36,Port Elizabeth,-33.918,25.5701,57.09,67,100,4.56,ZA,2021-06-16 01:53:06
37,Mataura,-46.1927,168.8643,50.49,93,100,0.67,NZ,2021-06-16 01:53:07
38,Atuona,-9.8,-139.0333,79.52,77,28,23.47,PF,2021-06-16 01:53:07
39,Lebu,-37.6167,-73.65,49.37,72,80,5.5,CL,2021-06-16 01:53:07
40,Hovd,48.0056,91.6419,59.02,32,1,2.86,MN,2021-06-16 01:53:07
41,Chuy,-33.6971,-53.4616,47.25,76,53,8.37,UY,2021-06-16 01:53:08
42,Hermanus,-34.4187,19.2345,57.9,86,100,6.55,ZA,2021-06-16 01:53:08
43,Santa Ines,-3.6667,-45.38,72.28,92,3,2.42,BR,2021-06-16 01:53:08
44,Pecos,31.4229,-103.4932,93.81,22,1,9.22,US,2021-06-16 01:53:08
45,Torbay,47.6666,-52.7314,43.29,94,90,13.8,CA,2021-06-16 01:53:09
46,Halifax,44.6453,-63.5724,60.42,95,100,4.0,CA,2021-06-16 01:50:18
47,Cochrane,51.1834,-114.4687,72.21,53,75,19.57,CA,2021-06-16 01:53:09
48,Georgetown,5.4112,100.3354,84.13,82,20,1.01,MY,2021-06-16 01:48:50
49,New Norfolk,-42.7826,147.0587,53.92,86,100,2.77,AU,2021-06-16 01:51:23
50,Okha,53.5739,142.9478,67.55,57,100,17.22,RU,2021-06-16 01:53:09
51,Bengkulu,-3.8004,102.2655,77.18,88,96,5.06,ID,2021-06-16 01:53:05
52,Saint Anthony,45.0205,-93.218,79.12,43,1,1.99,US,2021-06-16 01:52:22
53,Hilo,19.7297,-155.09,79.25,76,97,5.01,US,2021-06-16 01:53:07
54,Hobart,-42.8794,147.3294,54.27,90,75,5.75,AU,2021-06-16 01:53:10
55,Albany,42.6001,-73.9662,63.18,79,14,4.0,US,2021-06-16 01:50:12
56,Fort Nelson,58.8053,-122.7002,53.19,100,90,8.05,CA,2021-06-16 01:53:10
57,Yellowknife,62.456,-114.3525,72.12,40,75,16.11,CA,2021-06-16 01:53:10
58,Sao Joao Do Paraiso,-15.3136,-42.0144,60.17,73,41,2.19,BR,2021-06-16 01:53:10
59,Caravelas,-17.7125,-39.2481,68.49,71,91,1.68,BR,2021-06-16 01:53:11
60,Port Lincoln,-34.7333,135.8667,58.44,66,9,14.16,AU,2021-06-16 01:53:11
61,Berezovka,53.7214,25.4993,47.55,95,12,6.06,BY,2021-06-16 01:53:11
62,Nishihara,26.1842,127.7558,85.66,89,75,20.71,JP,2021-06-16 01:53:11
63,Inhambane,-23.865,35.3833,65.66,83,5,4.23,MZ,2021-06-16 01:53:11
64,Mar Del Plata,-38.0023,-57.5575,48.99,66,75,8.01,AR,2021-06-16 01:49:11
65,Inuvik,68.3499,-133.7218,78.01,39,20,8.05,CA,2021-06-16 01:53:12
66,Sabang,5.8933,95.3214,83.53,73,98,10.89,ID,2021-06-16 01:53:12
67,Lavrentiya,65.5833,-171.0,42.8,77,29,9.71,RU,2021-06-16 01:53:12
68,East London,-33.0153,27.9116,63.73,56,86,5.08,ZA,2021-06-16 01:53:12
69,Bredasdorp,-34.5322,20.0403,47.52,93,78,2.3,ZA,2021-06-16 01:53:13
70,Nanortalik,60.1432,-45.2371,36.28,91,88,8.68,GL,2021-06-16 01:53:13
71,Tupik,54.4253,119.9327,58.93,65,100,8.61,RU,2021-06-16 01:53:13
72,Katsuura,35.1333,140.3,79.23,79,100,7.9,JP,2021-06-16 01:53:13
73,Verkhoyansk,67.5447,133.385,56.95,43,99,3.65,RU,2021-06-16 01:53:14
74,Butaritari,3.0707,172.7902,83.01,78,100,16.44,KI,2021-06-16 01:53:14
75,Ginda,30.6945,78.4932,64.89,82,100,1.92,IN,2021-06-16 01:53:14
76,Puerto Ayora,-0.7393,-90.3518,73.54,87,1,5.99,EC,2021-06-16 01:50:50
77,Phan Thiet,10.9333,108.1,87.4,56,91,9.86,VN,2021-06-16 01:53:14
78,Ambilobe,-13.2,49.05,68.22,95,10,2.55,MG,2021-06-16 01:53:15
79,Makakilo City,21.3469,-158.0858,82.56,60,90,8.05,US,2021-06-16 01:53:15
80,Lompoc,34.6391,-120.4579,93.22,63,1,14.97,US,2021-06-16 01:49:47
81,Porec,45.2258,13.5939,67.35,77,87,5.59,HR,2021-06-16 01:53:15
82,Ust-Kuyga,70.0167,135.6,48.96,41,23,22.01,RU,2021-06-16 01:53:17
83,Arraial Do Cabo,-22.9661,-42.0278,69.24,72,0,8.19,BR,2021-06-16 01:53:17
84,Sorong,-0.8833,131.25,81.68,75,89,4.47,ID,2021-06-16 01:53:17
85,Pringsewu,-5.3582,104.9744,80.73,81,58,4.05,ID,2021-06-16 01:53:17
86,Narsaq,60.9167,-46.05,37.96,86,100,3.02,GL,2021-06-16 01:53:18
87,Nidzica,53.3605,20.4275,47.79,93,81,5.91,PL,2021-06-16 01:50:38
88,Bontang,0.1333,117.5,79.68,83,100,7.36,ID,2021-06-16 01:53:18
89,Heihe,50.2441,127.4902,73.98,65,93,5.73,CN,2021-06-16 01:53:18
90,Mahebourg,-20.4081,57.7,70.25,100,75,4.61,MU,2021-06-16 01:53:18
91,Norman Wells,65.282,-126.8329,71.64,37,20,12.66,CA,2021-06-16 01:51:31
92,Sao Joao Da Barra,-21.6403,-41.0511,67.51,72,0,4.59,BR,2021-06-16 01:53:19
93,Tiksi,71.6872,128.8694,41.05,57,100,9.06,RU,2021-06-16 01:53:19
94,Mao,39.8885,4.2658,73.96,94,0,3.44,ES,2021-06-16 01:53:19
95,Saint-Philippe,-21.3585,55.7679,66.47,86,43,9.28,RE,2021-06-16 01:53:19
96,Brigantine,39.4101,-74.3646,73.45,67,1,5.75,US,2021-06-16 01:53:20
97,Castro,-24.7911,-50.0119,49.75,76,67,0.94,BR,2021-06-16 01:53:20
98,Corinto,37.9407,22.9573,66.76,73,100,6.91,GR,2021-06-16 01:53:20
99,Khatanga,71.9667,102.5,69.44,37,0,14.07,RU,2021-06-16 01:53:20
100,Akdepe,42.0551,59.3788,69.89,24,1,8.12,TM,2021-06-16 01:53:20
101,Coquimbo,-29.9533,-71.3436,58.73,72,90,6.91,CL,2021-06-16 01:53:21
102,Lagoa,39.05,-27.9833,68.0,91,100,13.73,PT,2021-06-16 01:53:21
103,Saskylakh,71.9167,114.0833,68.65,46,11,9.46,RU,2021-06-16 01:53:21
104,Esperance,-33.8667,121.9,57.04,65,100,15.12,AU,2021-06-16 01:53:21
105,Rawatsar,29.2833,74.3833,84.27,60,77,3.49,IN,2021-06-16 01:53:22
106,Mikuni,36.2171,136.1519,73.31,88,100,1.07,JP,2021-06-16 01:53:22
107,Dawson Creek,55.7666,-120.2362,57.16,88,20,0.0,CA,2021-06-16 01:53:22
108,Muridke,31.8025,74.2617,78.94,54,90,13.35,PK,2021-06-16 01:53:23
109,Tanout,14.9709,8.8879,84.69,30,1,6.42,NE,2021-06-16 01:53:23
110,Madaoua,14.073,5.96,83.71,38,0,6.8,NE,2021-06-16 01:53:24
111,Lac Du Bonnet,50.2536,-96.0612,74.75,77,0,3.06,CA,2021-06-16 01:50:16
112,Bambous Virieux,-20.3428,57.7575,70.21,100,75,4.61,MU,2021-06-16 01:50:30
113,Margherita,27.2833,95.6833,80.08,93,95,2.73,IN,2021-06-16 01:53:24
114,Mlalo,-4.9333,38.9333,66.02,91,100,6.11,TZ,2021-06-16 01:53:24
115,Sala Consilina,40.3912,15.5989,61.11,49,32,2.84,IT,2021-06-16 01:53:25
116,Vaini,-21.2,-175.2,78.96,83,75,10.36,TO,2021-06-16 01:53:25
117,Dwarka,22.2394,68.9678,84.7,75,100,15.79,IN,2021-06-16 01:53:25
118,Konstantinovskiy,57.8301,39.5899,62.31,87,94,7.14,RU,2021-06-16 01:53:25
119,Rossland,49.0831,-117.8022,60.66,47,100,3.0,CA,2021-06-16 01:53:26
120,Solnechnyy,50.7214,136.6319,82.53,40,91,9.95,RU,2021-06-16 01:53:26
121,Rosarito,32.3333,-117.0333,96.04,73,100,4.65,MX,2021-06-16 01:53:26
122,Cabo San Lucas,22.8909,-109.9124,92.8,72,27,12.39,MX,2021-06-16 01:50:29
123,Mecca,21.4267,39.8261,83.68,49,0,4.34,SA,2021-06-16 01:53:26
124,Bolobo,-2.1667,16.2333,73.96,62,56,3.02,CD,2021-06-16 01:53:26
125,Lovozero,68.005,35.0117,41.43,83,100,19.55,RU,2021-06-16 01:53:27
126,San Cristobal,7.7669,-72.225,69.98,93,62,2.42,VE,2021-06-16 01:51:41
127,Bubaque,11.2833,-15.8333,79.5,72,100,3.98,GW,2021-06-16 01:52:47
128,Kloulklubed,7.0419,134.2556,83.97,65,98,6.55,PW,2021-06-16 01:53:27
129,Ghazipur,25.5833,83.5667,81.88,86,99,4.43,IN,2021-06-16 01:53:27
130,Anadyr,64.75,177.4833,63.1,45,0,22.37,RU,2021-06-16 01:53:27
131,Edd,13.9297,41.6925,86.32,61,100,5.46,ER,2021-06-16 01:53:28
132,Cherskiy,68.75,161.3,54.45,79,98,15.88,RU,2021-06-16 01:53:28
133,Ixtapa,20.7,-105.2,82.22,80,98,3.0,MX,2021-06-16 01:53:28
134,Severo-Kurilsk,50.6789,156.125,48.6,79,84,6.93,RU,2021-06-16 01:53:28
135,Aklavik,68.2191,-135.0107,77.83,30,82,18.57,CA,2021-06-16 01:53:29
136,Tabory,58.5198,64.5495,65.89,72,27,4.65,RU,2021-06-16 01:53:29
137,Aviemore,57.1955,-3.8259,56.17,96,100,6.64,GB,2021-06-16 01:53:29
138,Kem,64.9555,34.5793,49.87,78,99,9.69,RU,2021-06-16 01:53:29
139,Paso De Carrasco,-34.8603,-56.0522,48.34,66,20,10.36,UY,2021-06-16 01:53:30
140,Amahai,-3.3333,128.9167,81.9,74,96,3.11,ID,2021-06-16 01:53:30
141,Belaya Gora,68.5333,146.4167,49.37,37,99,17.54,RU,2021-06-16 01:53:05
142,Codrington,-38.2667,141.9667,54.61,73,22,12.53,AU,2021-06-16 01:53:30
143,Terrace Bay,48.7834,-87.1,55.02,60,31,3.67,CA,2021-06-16 01:53:30
144,Geraldton,-28.7667,114.6,61.21,82,40,5.75,AU,2021-06-16 01:53:31
145,Tura,25.5198,90.2201,77.81,86,89,4.36,IN,2021-06-16 01:53:31
146,Kennett,36.2362,-90.0556,80.83,41,1,5.75,US,2021-06-16 01:53:31
147,Saint George,37.1041,-113.5841,106.95,9,1,1.99,US,2021-06-16 01:48:51
148,San Patricio,28.017,-97.5169,88.54,71,2,7.78,US,2021-06-16 01:53:31
149,Penzance,50.1186,-5.5371,57.76,92,99,7.2,GB,2021-06-16 01:53:32
150,Jining,35.405,116.5814,81.0,1,60,6.96,CN,2021-06-16 01:53:32
151,Broome,42.2506,-75.833,59.09,92,5,1.95,US,2021-06-16 01:53:32
152,Krasnogorskiy,54.6025,61.231,68.36,72,15,2.39,RU,2021-06-16 01:53:32
153,Raton,36.9034,-104.4391,80.94,47,100,5.97,US,2021-06-16 01:53:26
154,Upernavik,72.7868,-56.1549,34.43,87,10,2.75,GL,2021-06-16 01:53:33
155,Dikson,73.5069,80.5464,31.57,91,26,6.64,RU,2021-06-16 01:51:16
156,Kavaratti,10.5669,72.642,83.08,79,100,25.61,IN,2021-06-16 01:53:33
157,Stokmarknes,68.5646,14.9108,44.38,79,95,4.27,NO,2021-06-16 01:53:33
158,Samarai,-10.6167,150.6667,81.61,78,42,11.83,PG,2021-06-16 01:53:33
159,Boende,-0.2167,20.8667,72.52,79,62,0.92,CD,2021-06-16 01:53:34
160,Ketchikan,55.3422,-131.6461,57.18,84,100,6.35,US,2021-06-16 01:53:34
161,Zagyvaszanto,47.777,19.6709,64.65,75,100,4.65,HU,2021-06-16 01:53:34
162,Palmer,42.1584,-72.3287,66.49,95,1,4.54,US,2021-06-16 01:53:34
163,Uribia,11.7139,-72.266,82.17,69,100,15.35,CO,2021-06-16 01:53:35
164,Saint-Joseph,-21.3667,55.6167,65.46,86,35,7.52,RE,2021-06-16 01:53:35
165,Clyde River,70.4692,-68.5914,39.43,75,90,0.0,CA,2021-06-16 01:51:06
166,Aitape,-3.1374,142.3475,85.21,65,94,6.26,PG,2021-06-16 01:53:35
167,Road Town,18.4167,-64.6167,82.49,78,40,11.5,VG,2021-06-16 01:50:32
168,Nicoya,10.1483,-85.452,74.75,91,100,4.18,CR,2021-06-16 01:53:35
169,Port Augusta,-32.5,137.7667,53.74,48,42,16.58,AU,2021-06-16 01:53:36
170,Poum,-20.2333,164.0167,75.85,81,31,8.16,NC,2021-06-16 01:53:36
171,Marsh Harbour,26.5412,-77.0636,81.0,82,100,10.8,BS,2021-06-16 01:53:36
172,Kodiak,57.79,-152.4072,54.41,69,0,8.43,US,2021-06-16 01:53:36
173,Viseu,40.661,-7.9097,64.85,89,95,5.44,PT,2021-06-16 01:53:37
174,Mangrol,21.1167,70.1167,84.2,77,100,16.67,IN,2021-06-16 01:53:37
175,Mogadishu,2.0371,45.3438,77.94,81,100,17.67,SO,2021-06-16 01:53:37
176,Kogon,39.7228,64.5517,71.24,42,0,11.5,UZ,2021-06-16 01:53:37
177,Bereda,43.2686,-7.5406,64.58,96,99,1.12,ES,2021-06-16 01:53:38
178,Nemuro,43.3236,145.575,52.23,90,100,6.67,JP,2021-06-16 01:53:38
179,Deputatskiy,69.3,139.9,41.83,53,100,22.5,RU,2021-06-16 01:53:38
180,Murray Bridge,-35.1167,139.2667,54.48,64,99,15.64,AU,2021-06-16 01:53:38
181,Nome,64.5011,-165.4064,50.16,77,100,7.4,US,2021-06-16 01:53:38
182,Chara,56.9064,118.2631,58.89,56,79,5.61,RU,2021-06-16 01:53:39
183,Misratah,32.3754,15.0925,72.57,71,2,5.3,LY,2021-06-16 01:53:39
184,Hvide Sande,56.0045,8.1294,45.68,78,7,9.19,DK,2021-06-16 01:53:39
185,Alto Araguaia,-17.3147,-53.2153,66.02,52,32,4.56,BR,2021-06-16 01:53:39
186,Chokurdakh,70.6333,147.9167,39.51,55,100,15.39,RU,2021-06-16 01:53:40
187,Roebourne,-20.7833,117.1333,69.48,33,100,21.41,AU,2021-06-16 01:53:40
188,Tabou,4.423,-7.3528,77.09,88,97,6.67,CI,2021-06-16 01:53:40
189,Ochamchira,42.7121,41.4721,64.76,91,41,3.44,GE,2021-06-16 01:53:40
190,Bathsheba,13.2167,-59.5167,81.21,69,90,18.41,BB,2021-06-16 01:53:41
191,Beloha,-25.1667,45.05,61.63,88,13,7.63,MG,2021-06-16 01:51:59
192,Kamiiso,41.8167,140.65,57.58,94,75,11.5,JP,2021-06-16 01:53:41
193,Kuryk,43.2,51.65,77.36,54,0,4.25,KZ,2021-06-16 01:53:41
194,Lishui,28.4604,119.9103,91.4,63,100,3.15,CN,2021-06-16 01:53:41
195,Klaksvik,62.2266,-6.589,47.32,98,95,14.56,FO,2021-06-16 01:53:42
196,Mount Isa,-20.7333,139.5,82.17,47,6,8.05,AU,2021-06-16 01:53:42
197,Los Banos,14.1667,121.1833,89.8,59,100,2.51,PH,2021-06-16 01:53:42
198,Qaanaaq,77.484,-69.3632,35.33,87,100,3.94,GL,2021-06-16 01:53:42
199,Nambucca Heads,-30.65,153.0,69.01,56,0,2.98,AU,2021-06-16 01:53:43
200,Roswell,34.0232,-84.3616,78.69,56,1,10.36,US,2021-06-16 01:52:21
201,Bati,11.1833,40.0167,69.89,32,100,2.1,ET,2021-06-16 01:53:43
202,Constitucion,-35.3333,-72.4167,54.59,80,76,8.93,CL,2021-06-16 01:53:43
203,Namibe,-15.1961,12.1522,67.55,66,26,4.88,AO,2021-06-16 01:53:43
204,Salalah,17.0151,54.0924,80.01,88,63,2.37,OM,2021-06-16 01:50:31
205,Tezu,27.9167,96.1667,78.57,95,93,0.34,IN,2021-06-16 01:53:44
206,Qaqortoq,60.7167,-46.0333,37.2,88,99,3.51,GL,2021-06-16 01:53:44
207,Krasnoselkup,65.7,82.4667,68.85,73,69,9.46,RU,2021-06-16 01:53:44
208,Kaeo,-35.1,173.7833,64.33,78,19,8.43,NZ,2021-06-16 01:53:44
209,Naze,28.3667,129.4833,81.52,78,100,22.03,JP,2021-06-16 01:53:45
210,Lodwar,3.1191,35.5973,80.15,52,100,9.24,KE,2021-06-16 01:53:45
211,Saint-Pierre,-21.3393,55.4781,66.56,93,75,10.36,RE,2021-06-16 01:53:45
212,Wilmington,34.2257,-77.9447,74.86,91,1,0.0,US,2021-06-16 01:50:00
213,Wageningen,51.9667,5.6667,61.11,83,90,2.3,NL,2021-06-16 01:53:45
214,Bonavista,48.6499,-53.1147,48.2,89,93,15.3,CA,2021-06-16 01:53:46
215,Muros,42.7762,-9.0603,72.1,83,61,6.55,ES,2021-06-16 01:53:46
216,Mocuba,-16.8392,36.9856,60.98,98,83,2.53,MZ,2021-06-16 01:53:46
217,Sao Gabriel Da Cachoeira,-0.1303,-67.0892,71.1,99,100,1.5,BR,2021-06-16 01:53:46
218,Pingzhuang,42.0372,119.2889,80.17,44,100,18.88,CN,2021-06-16 01:53:47
219,Ende,-8.8432,121.6623,83.68,63,17,4.9,ID,2021-06-16 01:53:47
220,Grindavik,63.8424,-22.4338,42.75,70,0,21.85,IS,2021-06-16 01:53:47
221,Puerto Del Rosario,28.5004,-13.8627,69.55,68,1,5.75,ES,2021-06-16 01:53:47
222,Aswan,24.0934,32.907,79.16,24,0,10.49,EG,2021-06-16 01:53:48
223,Zhigansk,66.7697,123.3711,59.31,50,34,13.09,RU,2021-06-16 01:53:48
224,Lata,40.1629,-8.3327,68.04,92,47,3.02,PT,2021-06-16 01:53:48
225,Pisco,-13.7,-76.2167,64.45,77,0,10.36,PE,2021-06-16 01:53:48
226,Tigil,57.8,158.6667,63.79,36,91,17.52,RU,2021-06-16 01:53:49
227,Kindu,-2.95,25.95,68.92,61,73,1.95,CD,2021-06-16 01:53:49
228,Arinos,-15.9169,-46.1056,66.74,79,37,2.19,BR,2021-06-16 01:53:49
229,Leshukonskoye,64.8989,45.7622,59.2,58,100,7.63,RU,2021-06-16 01:53:49
230,Provideniya,64.3833,-173.3,41.11,75,73,11.18,RU,2021-06-16 01:53:50
231,Abnub,27.2696,31.1511,75.42,44,0,13.13,EG,2021-06-16 01:53:50
232,Hambantota,6.1241,81.1185,79.14,100,0,8.05,LK,2021-06-16 01:53:50
233,Goderich,43.7501,-81.7165,57.52,67,93,11.5,CA,2021-06-16 01:53:50
234,Jiuquan,39.7432,98.5174,63.23,25,75,2.66,CN,2021-06-16 01:53:50
235,Bumba,2.1833,22.4667,70.36,97,75,0.72,CD,2021-06-16 01:53:51
236,Manzil Salim,35.8567,8.4765,73.4,39,74,6.46,TN,2021-06-16 01:53:51
237,Kui Buri,12.0828,99.8543,88.99,65,94,9.44,TH,2021-06-16 01:53:51
238,Santa Barbara De Nexe,37.1062,-7.9665,64.54,88,75,4.61,PT,2021-06-16 01:53:51
239,Genhe,50.7833,121.5167,57.96,96,100,1.19,CN,2021-06-16 01:53:52
240,Ponta Do Sol,32.6667,-17.1,70.43,75,16,7.09,PT,2021-06-16 01:53:52
241,San Vicente De Canete,-13.0751,-76.3835,65.35,84,93,3.67,PE,2021-06-16 01:53:52
242,Manacapuru,-3.2997,-60.6206,77.58,95,95,2.48,BR,2021-06-16 01:53:52
243,Nara,34.6851,135.8049,72.77,93,100,5.35,JP,2021-06-16 01:53:53
244,Kidal,18.4411,1.4078,90.93,12,1,6.35,ML,2021-06-16 01:53:53
245,Thompson,55.7435,-97.8558,73.56,40,75,4.61,CA,2021-06-16 01:53:53
246,Ilulissat,69.2167,-51.1,33.55,78,82,3.71,GL,2021-06-16 01:53:53
247,Tual,-5.6667,132.75,81.07,79,79,15.01,ID,2021-06-16 01:53:54
248,Panama City,8.9936,-79.5197,80.55,86,40,2.3,PA,2021-06-16 01:53:54
249,Terney,45.0503,136.6092,61.56,72,42,6.13,RU,2021-06-16 01:53:54
250,Mount Gambier,-37.8333,140.7667,49.91,93,82,12.66,AU,2021-06-16 01:53:07
251,Vanavara,60.34,102.2797,64.94,44,25,4.18,RU,2021-06-16 01:53:54
252,Qasigiannguit,68.8193,-51.1922,32.88,91,85,4.18,GL,2021-06-16 01:53:55
253,Comodoro Rivadavia,-45.8667,-67.5,33.66,75,0,4.61,AR,2021-06-16 01:53:55
254,Vanimo,-2.6741,141.3028,84.33,68,100,5.88,PG,2021-06-16 01:53:55
255,Awbari,26.5921,12.7805,77.68,15,0,5.75,LY,2021-06-16 01:53:55
256,Isangel,-19.55,169.2667,82.51,83,40,6.91,VU,2021-06-16 01:53:56
257,Jibuti,11.5,42.5,84.31,28,100,4.72,DJ,2021-06-16 01:53:56
258,Kargasok,59.0556,80.8572,69.17,64,40,10.76,RU,2021-06-16 01:53:56
259,Thinadhoo,0.5333,72.9333,83.32,73,63,9.71,MV,2021-06-16 01:53:56
260,Metro,-5.1131,105.3067,82.22,77,72,6.08,ID,2021-06-16 01:53:57
261,Fukue,32.6881,128.8419,70.16,100,75,10.36,JP,2021-06-16 01:53:57
262,Tamalin,21.35,-97.8,75.36,88,97,4.07,MX,2021-06-16 01:53:57
263,Ayni,39.3941,68.5377,63.05,44,0,3.36,TJ,2021-06-16 01:53:57
264,Palana,59.1167,159.9667,47.37,62,92,24.25,RU,2021-06-16 01:53:58
265,Tver,56.8619,35.8931,56.5,93,81,5.68,RU,2021-06-16 01:49:58
266,Pasighat,28.0667,95.3333,80.87,93,89,1.95,IN,2021-06-16 01:53:58
267,Port Antonio,18.18,-76.4612,84.11,87,85,11.7,JM,2021-06-16 01:52:14
268,Dorverden,52.85,9.2333,58.37,91,100,4.05,DE,2021-06-16 01:53:58
269,Maniitsoq,65.4167,-52.9,36.0,97,100,6.26,GL,2021-06-16 01:53:58
270,Port Hardy,50.6996,-127.4199,55.58,88,90,0.0,CA,2021-06-16 01:53:59
271,Kilakarai,9.2333,78.7833,84.31,61,98,19.13,IN,2021-06-16 01:53:59
272,Ugoofaaru,5.6667,73.0,82.78,72,99,17.81,MV,2021-06-16 01:53:59
273,Iranshahr,27.2025,60.6848,90.25,11,0,3.74,IR,2021-06-16 01:53:59
274,Sakakah,29.9697,40.2064,78.37,25,0,8.03,SA,2021-06-16 01:54:00
275,Barabai,-2.5833,115.3833,87.01,58,19,2.46,ID,2021-06-16 01:54:00
276,Mago,53.2514,140.1822,80.8,40,75,11.83,RU,2021-06-16 01:54:00
277,Souillac,-20.5167,57.5167,70.36,100,75,4.61,MU,2021-06-16 01:54:00
278,Acapulco,16.8634,-99.8901,80.62,81,100,5.39,MX,2021-06-16 01:54:01
279,Petatlan,17.5167,-101.2667,77.27,90,100,2.93,MX,2021-06-16 01:54:01
280,Lingao,19.9103,109.6859,88.79,61,2,6.24,CN,2021-06-16 01:54:01
281,Sola,-13.8833,167.55,81.23,76,48,10.56,VU,2021-06-16 01:54:01
282,Larsnes,62.2028,5.5773,48.85,82,100,5.03,NO,2021-06-16 01:54:02
283,Vardo,70.3705,31.1107,43.11,69,89,20.98,NO,2021-06-16 01:54:02
284,Ribeira Grande,38.5167,-28.7,68.9,93,100,10.07,PT,2021-06-16 01:54:02
285,Zhangye,38.9342,100.4517,60.78,44,100,3.0,CN,2021-06-16 01:54:02
286,Talnakh,69.4865,88.3972,53.53,79,100,11.39,RU,2021-06-16 01:54:02
287,Niagara Falls,43.1001,-79.0663,66.09,51,40,11.5,CA,2021-06-16 01:54:03
288,Tayshet,55.9342,98.0044,57.72,57,4,1.23,RU,2021-06-16 01:54:03
289,Karpogory,64.0019,44.4451,58.53,58,99,9.91,RU,2021-06-16 01:54:03
290,Karratha,-20.7377,116.8463,70.41,33,100,22.24,AU,2021-06-16 01:54:03
291,Yaan,7.3833,8.5667,73.67,93,100,5.17,NG,2021-06-16 01:54:04
292,Hirado,33.3597,129.5531,72.75,94,100,10.38,JP,2021-06-16 01:54:04
293,Cidreira,-30.1811,-50.2056,56.57,70,100,12.59,BR,2021-06-16 01:52:25
294,Lazaro Cardenas,17.9583,-102.2,81.45,79,100,5.44,MX,2021-06-16 01:54:04
295,Savannah Bight,16.45,-85.85,82.99,84,96,30.85,HN,2021-06-16 01:54:04
296,Coahuayana,18.7333,-103.6833,81.05,83,100,2.77,MX,2021-06-16 01:54:05
297,Balikpapan,-1.2675,116.8289,83.39,74,20,2.3,ID,2021-06-16 01:52:32
298,Bandarbeyla,9.4942,50.8122,78.62,70,100,24.81,SO,2021-06-16 01:54:05
299,Ancud,-41.8697,-73.8203,38.43,81,3,6.4,CL,2021-06-16 01:54:05
300,Coruripe,-10.1256,-36.1756,74.12,79,43,7.74,BR,2021-06-16 01:54:05
301,Manjacaze,-24.7117,33.8828,58.3,97,78,5.88,MZ,2021-06-16 01:54:06
302,Sept-Iles,50.2001,-66.3821,52.32,98,90,5.75,CA,2021-06-16 01:54:06
303,Saint-Ambroise,48.5501,-71.3324,58.6,55,89,16.11,CA,2021-06-16 01:54:06
304,Port Macquarie,-31.4333,152.9167,68.9,54,0,3.18,AU,2021-06-16 01:54:06
305,Portland,45.5234,-122.6762,70.38,66,75,1.01,US,2021-06-16 01:50:07
306,Agadez,19.75,10.25,82.24,15,0,8.34,NE,2021-06-16 01:54:07
307,Aparecida,-22.8469,-45.2297,63.1,88,0,0.85,BR,2021-06-16 01:54:07
308,Anqing,30.5092,117.0506,88.61,71,99,5.95,CN,2021-06-16 01:54:07
309,Hobyo,5.3505,48.5268,77.36,83,100,23.15,SO,2021-06-16 01:54:07
310,San Francisco Del Mar,16.2333,-94.65,79.75,79,100,4.27,MX,2021-06-16 01:54:08
311,Ukiah,39.1502,-123.2078,87.12,42,1,11.5,US,2021-06-16 01:54:08
312,Inta,66.0317,60.1659,59.63,46,100,8.48,RU,2021-06-16 01:54:08
313,Faya,18.3851,42.4509,68.52,26,56,1.81,SA,2021-06-16 01:52:31
314,Mishan,45.55,131.8833,71.91,70,100,9.04,CN,2021-06-16 01:54:08
315,Shar,49.5886,81.0453,63.57,53,10,3.24,KZ,2021-06-16 01:54:09
316,Half Moon Bay,37.4636,-122.4286,84.42,63,1,3.0,US,2021-06-16 01:51:34
317,Manono,-7.3,27.4167,64.71,41,33,4.68,CD,2021-06-16 01:54:09
318,Grenville,12.1167,-61.6167,82.45,84,3,17.92,GD,2021-06-16 01:54:09
319,Mehamn,71.0357,27.8492,42.6,77,84,23.17,NO,2021-06-16 01:54:09
320,Varadero,23.1536,-81.2514,81.28,78,100,5.12,CU,2021-06-16 01:54:10
321,Bom Jesus,-9.0744,-44.3586,78.35,49,90,2.13,BR,2021-06-16 01:54:10
322,La Ronge,55.1001,-105.2842,84.42,32,40,14.97,CA,2021-06-16 01:54:10
323,Hermon,44.8101,-68.9134,63.52,90,90,3.44,US,2021-06-16 01:54:10
324,Sabha,27.0377,14.4283,77.72,21,0,10.13,LY,2021-06-16 01:54:10
325,San Quintin,30.4833,-115.95,68.77,76,98,5.3,MX,2021-06-16 01:53:21
326,Nouadhibou,20.931,-17.0347,69.78,78,11,20.71,MR,2021-06-16 01:54:11
327,Padang,-0.9492,100.3543,75.25,86,91,3.87,ID,2021-06-16 01:54:11
328,San Vicente,-26.6167,-54.1333,52.23,97,100,3.74,AR,2021-06-16 01:54:11
329,Rio Branco,-9.9747,-67.81,74.01,94,0,0.0,BR,2021-06-16 01:54:11
330,Svetlogorsk,52.6333,29.7333,55.38,89,100,6.15,BY,2021-06-16 01:54:12
331,Pyaozerskiy,65.8333,31.1667,45.99,86,83,3.06,RU,2021-06-16 01:54:12
332,Beyneu,45.3167,55.2,78.93,18,3,9.01,KZ,2021-06-16 01:54:12
333,Den Helder,52.9599,4.7593,60.94,88,75,5.99,NL,2021-06-16 01:54:12
334,Vila,42.0304,-8.1588,61.68,93,76,3.83,PT,2021-06-16 01:54:13
335,Rawson,-43.3002,-65.1023,41.86,62,100,5.1,AR,2021-06-16 01:54:13
336,Ferrol,43.4832,-8.2369,71.85,86,72,4.97,ES,2021-06-16 01:54:13
337,Kamaishi,39.2667,141.8833,72.55,91,34,4.29,JP,2021-06-16 01:54:13
338,Tessalit,20.1986,1.0114,91.8,11,0,7.63,ML,2021-06-16 01:54:14
339,Severo-Yeniseyskiy,60.3725,93.0408,60.8,52,100,6.89,RU,2021-06-16 01:54:14
340,Karatuzskoye,53.6072,92.8667,50.0,99,100,5.01,RU,2021-06-16 01:54:14
341,Kumo,10.0447,11.2122,77.68,77,96,11.97,NG,2021-06-16 01:54:14
342,Saldanha,-33.0117,17.9442,51.85,85,94,8.55,ZA,2021-06-16 01:52:04
343,Sitka,57.0531,-135.33,54.48,85,84,4.43,US,2021-06-16 01:54:15
344,Gbarnga,6.9956,-9.4722,70.23,99,40,2.39,LR,2021-06-16 01:54:15
345,Kingman,35.1894,-114.053,108.77,8,58,9.64,US,2021-06-16 01:54:15
346,Taoudenni,22.6783,-3.9836,99.1,8,0,11.41,ML,2021-06-16 01:54:15
347,Washington,47.5001,-120.5015,70.2,39,41,8.12,US,2021-06-16 01:49:49
348,Vincennes,48.85,2.4333,70.36,79,0,3.44,FR,2021-06-16 01:54:16
349,Fairbanks,64.8378,-147.7164,85.01,27,1,0.0,US,2021-06-16 01:50:04
350,Nangong,37.3581,115.3744,80.28,60,96,4.7,CN,2021-06-16 01:54:16
351,La Baneza,42.3003,-5.8977,63.25,85,85,4.23,ES,2021-06-16 01:54:16
352,Pangnirtung,66.1451,-65.7125,33.96,94,98,0.94,CA,2021-06-16 01:54:16
353,Isilkul,54.9109,71.2728,70.61,69,56,11.05,RU,2021-06-16 01:54:17
354,Peleduy,59.6289,112.7406,69.94,46,28,4.43,RU,2021-06-16 01:54:17
355,Klyuchi,52.2667,79.1667,73.78,43,6,5.35,RU,2021-06-16 01:54:17
356,Port Moresby,-9.4431,147.1797,82.44,72,58,4.94,PG,2021-06-16 01:54:17
357,Kosikha,53.3617,84.5822,70.57,73,15,6.73,RU,2021-06-16 01:54:18
358,Chimala,-8.85,34.0167,55.53,52,70,3.24,TZ,2021-06-16 01:54:18
359,Moroni,-11.7022,43.2551,73.74,78,71,6.53,KM,2021-06-16 01:54:18
360,Togur,58.3631,82.8265,68.14,71,18,8.88,RU,2021-06-16 01:54:18
361,Bratsk,56.1325,101.6142,57.69,64,100,9.57,RU,2021-06-16 01:54:19
362,Muyuka,4.2898,9.4103,76.6,95,64,1.74,CM,2021-06-16 01:54:19
363,Fortuna,40.5982,-124.1573,73.47,66,20,3.0,US,2021-06-16 01:54:19
364,Gotsu,35.0,132.2167,69.94,94,100,8.23,JP,2021-06-16 01:54:19
365,Hay River,60.8156,-115.7999,53.58,66,90,19.57,CA,2021-06-16 01:54:20
366,Sangar,63.9242,127.4739,70.43,33,4,4.74,RU,2021-06-16 01:54:20
367,Dingle,10.9995,122.6711,86.54,67,82,4.34,PH,2021-06-16 01:54:20
368,Iqaluit,63.7506,-68.5145,37.13,81,40,13.0,CA,2021-06-16 01:54:20
369,Kaka,37.3482,59.6143,80.17,13,0,1.32,TM,2021-06-16 01:54:20
370,Cam Ranh,11.9214,109.1591,87.76,58,40,4.61,VN,2021-06-16 01:54:21
371,Marawi,7.9986,124.2928,81.64,66,24,1.77,PH,2021-06-16 01:54:21
372,Vostok,46.4856,135.8833,77.81,40,0,4.38,RU,2021-06-16 01:54:21
373,Kultuk,51.7208,103.6956,52.56,65,100,5.91,RU,2021-06-16 01:54:21
374,Marsa Matruh,31.3525,27.2453,71.8,73,0,8.05,EG,2021-06-16 01:54:22
375,Kyabe,9.4515,18.9449,78.42,67,100,7.76,TD,2021-06-16 01:54:22
376,Harper,4.375,-7.7169,77.25,87,98,6.78,LR,2021-06-16 01:54:22
377,Grootfontein,-19.5667,18.1167,44.17,61,100,4.61,NA,2021-06-16 01:54:22
378,Port Blair,11.6667,92.75,83.5,79,100,18.07,IN,2021-06-16 01:54:23
379,Lanzhou,36.0564,103.7922,56.48,74,100,8.72,CN,2021-06-16 01:54:23
380,Adrar,20.5022,-10.0711,92.46,14,48,10.54,MR,2021-06-16 01:54:23
381,Messina,38.1933,15.5497,68.2,71,0,1.01,IT,2021-06-16 01:54:23
382,Rio Gallegos,-51.6226,-69.2181,35.65,80,0,8.05,AR,2021-06-16 01:54:24
383,Albert Lea,43.648,-93.3683,76.91,43,1,6.91,US,2021-06-16 01:54:24
384,Hamilton,39.1834,-84.5333,72.37,63,100,4.81,US,2021-06-16 01:54:24
385,Luderitz,-26.6481,15.1594,58.59,71,0,5.14,NA,2021-06-16 01:54:24
386,Tuatapere,-46.1333,167.6833,50.83,92,100,2.04,NZ,2021-06-16 01:54:25
387,Nanakuli,21.3906,-158.1547,83.98,65,90,8.05,US,2021-06-16 01:54:25
388,Astoria,46.1879,-123.8313,65.01,81,90,1.99,US,2021-06-16 01:54:25
389,Albanel,48.8832,-72.4487,55.38,58,12,8.05,CA,2021-06-16 01:54:25
390,Vila Velha,-20.3297,-40.2925,64.35,93,0,1.01,BR,2021-06-16 01:52:32
391,Iskitim,54.6366,83.3045,71.42,83,69,7.4,RU,2021-06-16 01:54:26
392,Lorengau,-2.0226,147.2712,83.77,74,69,8.99,PG,2021-06-16 01:54:26
393,Mackay,-21.15,149.2,77.68,83,90,9.22,AU,2021-06-16 01:52:47
394,Valdepenas,38.7621,-3.3848,73.85,48,1,6.29,ES,2021-06-16 01:54:05
395,Toora-Khem,52.4675,96.11,48.18,77,100,1.01,RU,2021-06-16 01:54:26
396,Ladario,-19.0047,-57.6017,69.28,57,40,4.16,BR,2021-06-16 01:54:27
397,Gizo,-8.103,156.8419,84.18,69,57,4.59,SB,2021-06-16 01:54:27
398,Marin,38.0666,-122.7344,86.76,63,1,1.99,US,2021-06-16 01:51:28
399,Strezhevoy,60.7333,77.5889,64.38,94,100,10.71,RU,2021-06-16 01:54:27
400,Suntar,62.1444,117.6319,67.59,48,75,5.03,RU,2021-06-16 01:54:27
401,Kiruna,67.8557,20.2251,38.32,87,40,3.44,SE,2021-06-16 01:54:28
402,Champerico,14.3,-91.9167,82.35,77,100,5.28,GT,2021-06-16 01:54:28
403,Kamyshevatskaya,46.4132,37.9563,67.19,79,87,9.48,RU,2021-06-16 01:54:28
404,Hasaki,35.7333,140.8333,80.89,70,100,7.16,JP,2021-06-16 01:54:28
405,Ojinaga,29.5667,-104.4167,95.95,20,1,17.27,MX,2021-06-16 01:54:29
406,Kattivakkam,13.2167,80.3167,86.09,71,100,19.48,IN,2021-06-16 01:54:29
407,North Bend,43.4065,-124.2243,67.24,77,1,9.22,US,2021-06-16 01:54:29
408,Faanui,-16.4833,-151.75,79.81,78,27,20.09,PF,2021-06-16 01:54:29
409,Innisfail,-17.5333,146.0333,89.87,72,93,4.0,AU,2021-06-16 01:54:29
410,Jalu,29.0331,21.5482,73.62,47,0,10.31,LY,2021-06-16 01:54:30
411,Emerald,-23.5333,148.1667,74.34,68,50,10.36,AU,2021-06-16 01:54:30
412,Batagay-Alyta,67.8006,130.4114,58.66,46,95,5.12,RU,2021-06-16 01:54:30
413,Banda Aceh,5.5577,95.3222,83.84,73,96,6.55,ID,2021-06-16 01:54:30
414,Nantucket,41.2835,-70.0995,66.99,94,90,8.05,US,2021-06-16 01:52:38
415,Pacific Grove,36.6177,-121.9166,86.14,66,1,5.99,US,2021-06-16 01:52:19
416,Manggar,-2.8833,108.2667,85.12,66,93,5.57,ID,2021-06-16 01:54:31
417,Tevaitoa,-16.7833,-151.5,79.93,78,32,19.89,PF,2021-06-16 01:54:31
418,Tazovskiy,67.4667,78.7,46.53,89,100,12.1,RU,2021-06-16 01:53:49
419,Komsomolskiy,40.4272,71.7189,72.82,35,2,2.3,UZ,2021-06-16 01:54:31
420,Sidi Ali,36.0998,0.4206,68.27,80,97,8.05,DZ,2021-06-16 01:54:32
421,Pierre,44.3683,-100.351,82.06,36,37,1.01,US,2021-06-16 01:54:32
422,Yurga,55.7231,84.8861,67.14,84,11,10.36,RU,2021-06-16 01:54:32
423,Minot,48.2325,-101.2963,88.79,23,1,18.41,US,2021-06-16 01:50:48
424,Andenes,69.3143,16.1194,42.78,70,90,17.27,NO,2021-06-16 01:54:32
425,Lengshuijiang,27.6881,111.4294,88.81,63,91,4.81,CN,2021-06-16 01:54:33
426,Puri,19.8,85.85,83.37,71,100,5.61,IN,2021-06-16 01:54:33
427,Hurbanovo,47.8698,18.1923,61.14,85,100,2.37,SK,2021-06-16 01:54:33
428,Tazmalt,36.3868,4.3989,79.7,38,97,5.19,DZ,2021-06-16 01:54:33
429,Santarem,-2.4431,-54.7083,75.33,100,20,0.0,BR,2021-06-16 01:54:34
430,Teya,60.3778,92.6267,63.79,55,100,7.49,RU,2021-06-16 01:54:34
431,Guararapes,-21.2608,-50.6428,64.38,78,0,6.91,BR,2021-06-16 01:54:34
432,Sunndalsora,62.6754,8.5515,46.45,92,100,1.01,NO,2021-06-16 01:54:34
433,Sinnamary,5.3833,-52.95,78.13,87,80,7.58,GF,2021-06-16 01:54:35
434,Kwinana,-32.25,115.7667,57.42,90,71,2.3,AU,2021-06-16 01:54:35
435,Priargunsk,50.3691,119.1012,54.68,96,100,9.26,RU,2021-06-16 01:54:35
436,Grand-Santi,4.25,-54.3833,72.28,97,100,2.53,GF,2021-06-16 01:54:35
437,Itupiranga,-5.1347,-49.3267,72.36,94,6,0.67,BR,2021-06-16 01:54:36
438,Mandalgovi,45.7625,106.2708,48.81,45,100,20.47,MN,2021-06-16 01:54:36
439,Sobolevo,54.4299,31.8996,55.29,96,75,6.91,RU,2021-06-16 01:54:36
440,Olga,43.7444,135.2892,65.25,60,21,6.51,RU,2021-06-16 01:54:36
441,Predivinsk,57.0669,93.4378,61.88,57,64,4.99,RU,2021-06-16 01:54:37
442,Kuminskiy,58.6667,66.5667,65.23,73,71,6.33,RU,2021-06-16 01:54:37
443,Thika,-1.0333,37.0693,64.02,96,99,2.59,KE,2021-06-16 01:54:37
444,Morondava,-20.2833,44.2833,68.05,70,0,9.66,MG,2021-06-16 01:54:37
445,Sao Bento,-6.2833,-37.75,75.63,60,100,5.64,BR,2021-06-16 01:54:38
446,Novyy Urengoy,66.0833,76.6333,52.2,77,100,15.43,RU,2021-06-16 01:54:38
447,Hami,42.8,93.45,74.5,18,5,13.89,CN,2021-06-16 01:54:38
448,Yulara,-25.2406,130.9889,53.44,37,74,8.05,AU,2021-06-16 01:54:30
449,Preobrazheniye,42.9019,133.9064,61.84,72,21,7.83,RU,2021-06-16 01:54:38
450,Front Royal,38.9182,-78.1944,69.31,74,90,0.0,US,2021-06-16 01:51:59
451,Chambersburg,39.9376,-77.6611,68.59,78,41,3.94,US,2021-06-16 01:54:22
452,Tranas,58.0372,14.9782,48.78,97,27,5.26,SE,2021-06-16 01:54:39
453,Biltine,14.5333,20.9167,88.39,34,85,14.41,TD,2021-06-16 01:51:53
454,Kytmanovo,53.4593,85.4479,65.01,70,8,6.69,RU,2021-06-16 01:54:39
455,Grand Gaube,-20.0064,57.6608,70.38,79,0,4.0,MU,2021-06-16 01:54:39
456,Farafangana,-22.8167,47.8333,66.6,77,100,5.03,MG,2021-06-16 01:54:40
457,Gunjur,13.2019,-16.7339,78.87,89,75,12.66,GM,2021-06-16 01:54:40
458,Bar Bigha,25.2167,85.7333,80.22,87,100,1.88,IN,2021-06-16 01:54:40
459,Balad,34.0164,44.1453,82.71,26,0,19.24,IQ,2021-06-16 01:54:40
460,Karabulak,43.3036,44.8964,64.96,85,0,3.15,RU,2021-06-16 01:54:40
461,Kaitangata,-46.2817,169.8464,50.72,92,97,0.45,NZ,2021-06-16 01:54:41
462,Modasa,23.4667,73.3,86.07,60,1,11.43,IN,2021-06-16 01:54:41
463,Ankang,32.68,109.0172,79.95,82,100,2.68,CN,2021-06-16 01:54:41
464,Lisieux,49.1667,0.1667,62.46,89,1,2.98,FR,2021-06-16 01:54:41
465,Venado Tuerto,-33.7456,-61.9688,37.76,63,100,6.35,AR,2021-06-16 01:54:42
466,Tiruvallur,13.15,79.9167,85.64,49,100,17.98,IN,2021-06-16 01:54:42
467,Remuna,21.5261,86.8722,82.81,73,99,4.81,IN,2021-06-16 01:54:42
468,Brae,60.3964,-1.353,49.91,95,100,15.03,GB,2021-06-16 01:54:42
469,Igunga,-4.2833,33.8833,62.71,59,97,6.22,TZ,2021-06-16 01:54:43
470,Poquoson,37.1224,-76.3458,78.01,64,1,4.61,US,2021-06-16 01:54:43
471,Fort Frances,48.5999,-93.4003,61.72,71,2,2.55,CA,2021-06-16 01:54:43
472,Glenwood Springs,39.5505,-107.3248,95.92,20,3,6.91,US,2021-06-16 01:50:36
473,Schleiden,50.5295,6.477,62.85,83,97,3.47,DE,2021-06-16 01:54:43
474,Graaff-Reinet,-32.2522,24.5308,55.44,54,78,4.92,ZA,2021-06-16 01:54:44
475,Nguruka,-5.1092,31.0419,61.38,59,63,2.98,TZ,2021-06-16 01:54:44
476,Bowen,-20.0167,148.2333,80.82,84,21,7.96,AU,2021-06-16 01:54:44
477,Kiama,-34.6833,150.8667,66.58,62,0,5.01,AU,2021-06-16 01:54:44
478,Camacha,33.0833,-16.3333,66.96,83,40,13.8,PT,2021-06-16 01:54:44
479,Te Anau,-45.4167,167.7167,49.6,94,97,1.28,NZ,2021-06-16 01:54:45
480,Fomboni,-12.28,43.7425,77.94,69,52,9.17,KM,2021-06-16 01:54:45
481,Basco,20.4487,121.9702,84.67,82,20,25.61,PH,2021-06-16 01:54:45
482,Wapi Pathum,15.8452,103.3768,87.33,68,82,12.59,TH,2021-06-16 01:54:46
483,Virginia Beach,36.8529,-75.978,78.03,72,20,3.44,US,2021-06-16 01:52:11
484,Fallon,39.4735,-118.7774,93.07,8,20,12.66,US,2021-06-16 01:54:46
485,Am Timan,11.0297,20.2827,81.39,59,100,5.41,TD,2021-06-16 01:54:46
486,San Jose,37.3394,-121.895,84.7,39,1,8.01,US,2021-06-16 01:53:53
487,Westport,41.1415,-73.3579,71.74,76,1,3.0,US,2021-06-16 01:54:46
488,Marienburg,54.0359,19.0266,51.06,86,94,1.57,PL,2021-06-16 01:54:47
489,Ikalamavony,-21.15,46.5833,54.21,88,8,6.29,MG,2021-06-16 01:54:47
490,Ahipara,-35.1667,173.1667,61.5,80,19,7.99,NZ,2021-06-16 01:54:47
491,Kysyl-Syr,63.8986,122.7617,68.32,43,15,11.43,RU,2021-06-16 01:54:47
492,Kalengwa,-13.4659,25.0027,47.43,59,5,4.18,ZM,2021-06-16 01:54:48
493,Gulmarg,34.049,74.3921,53.01,66,96,1.52,IN,2021-06-16 01:54:48
494,Sao Jose Da Coroa Grande,-8.8978,-35.1478,74.39,90,98,7.05,BR,2021-06-16 01:54:48
495,Bentiu,9.2333,29.8333,76.66,70,100,5.28,SS,2021-06-16 01:54:48
496,Orikum,40.3253,19.4714,65.01,73,0,6.33,AL,2021-06-16 01:54:48
497,Prince Rupert,54.3161,-130.3201,59.09,76,75,4.61,CA,2021-06-16 01:53:18
498,Francisco Sa,-16.4758,-43.4883,64.54,67,2,3.42,BR,2021-06-16 01:54:49
499,Tashtagol,52.7657,87.8894,65.17,56,7,3.06,RU,2021-06-16 01:54:49
500,Sao Filipe,14.8961,-24.4956,73.02,85,91,2.95,CV,2021-06-16 01:54:49
501,Codajas,-3.8367,-62.0569,72.23,98,73,1.7,BR,2021-06-16 01:51:32
502,Yanam,16.7333,82.2167,84.6,62,100,8.12,IN,2021-06-16 01:54:49
503,Puerto Baquerizo Moreno,-0.9,-89.6,72.7,81,34,11.1,EC,2021-06-16 01:50:09
504,Prince George,53.9166,-122.753,65.64,43,75,1.99,CA,2021-06-16 01:54:50
505,Aksu,41.1231,80.2644,71.87,34,100,2.84,CN,2021-06-16 01:54:50
506,Homer,59.6425,-151.5483,67.08,77,26,15.99,US,2021-06-16 01:54:50
507,Margate,51.3813,1.3862,59.7,83,28,8.7,GB,2021-06-16 01:51:56
508,Kholodnyy,62.7167,147.95,69.64,29,86,8.7,RU,2021-06-16 01:54:50
509,Kahului,20.8947,-156.47,86.02,64,40,26.46,US,2021-06-16 01:52:04
510,Mutoko,-17.397,32.2268,46.11,86,0,4.12,ZW,2021-06-16 01:54:51
511,Amga,60.8953,131.9608,69.37,42,100,9.8,RU,2021-06-16 01:54:51
512,Laguna,38.421,-121.4238,90.95,14,1,4.0,US,2021-06-16 01:54:51
513,Zholymbet,51.7433,71.7122,72.34,40,87,8.19,KZ,2021-06-16 01:54:51
514,Emden,53.3667,7.2167,54.97,93,43,5.82,DE,2021-06-16 01:54:52
515,Santa Catarina De Tepehuanes,25.35,-105.7333,74.07,29,96,14.09,MX,2021-06-16 01:54:52
516,Praya,14.9215,-23.5087,73.35,85,100,7.0,CV,2021-06-16 01:54:52
517,Haines Junction,60.7522,-137.5108,60.75,59,78,5.75,CA,2021-06-16 01:52:35
518,Santa Isabel Do Rio Negro,-0.4139,-65.0192,72.12,100,99,3.13,BR,2021-06-16 01:54:52
519,Hosakote,14.2769,77.1699,76.06,69,99,21.41,IN,2021-06-16 01:54:53
520,Satipo,-11.2522,-74.6386,69.13,94,97,1.57,PE,2021-06-16 01:54:53
521,Hun,29.1268,15.9477,72.77,44,0,5.28,LY,2021-06-16 01:54:53
522,Port Hueneme,34.1478,-119.1951,105.62,49,1,4.61,US,2021-06-16 01:54:53
523,Yaita,36.8,139.9333,71.89,78,99,5.77,JP,2021-06-16 01:54:54
524,Aksha,50.2814,113.2867,47.75,70,100,14.25,RU,2021-06-16 01:54:54
525,Cudahy,33.9606,-118.1853,108.52,46,100,1.01,US,2021-06-16 01:54:54
526,Nouakchott,18.0858,-15.9785,73.33,85,99,15.19,MR,2021-06-16 01:54:54
527,Ateli,28.1,76.2833,85.41,56,57,8.25,IN,2021-06-16 01:54:55
528,Baruun-Urt,46.6806,113.2792,51.91,81,100,13.8,MN,2021-06-16 01:54:55
529,Pangody,65.85,74.4859,53.04,61,78,18.86,RU,2021-06-16 01:54:55
530,Batamshinskiy,50.5594,58.2747,58.98,36,45,6.73,KZ,2021-06-16 01:54:55
531,Tarakan,3.3,117.6333,80.1,94,75,4.61,ID,2021-06-16 01:54:56
532,Leningradskiy,69.3833,178.4167,43.66,85,99,8.43,RU,2021-06-16 01:54:56
533,Oeiras Do Para,-2.0031,-49.8544,72.7,98,94,2.46,BR,2021-06-16 01:54:56
534,Tashla,51.7716,52.7427,68.52,55,88,6.64,RU,2021-06-16 01:54:56
535,Kulhudhuffushi,6.6221,73.07,82.87,73,100,18.48,MV,2021-06-16 01:54:56
536,Ivaipora,-24.2478,-51.6847,53.04,83,36,3.38,BR,2021-06-16 01:54:57
537,Kondagaon,19.6,81.6667,75.54,85,100,9.6,IN,2021-06-16 01:54:57
538,Viedma,-40.8135,-62.9967,45.46,64,84,5.26,AR,2021-06-16 01:54:57
539,Tigzirt,36.8886,4.1198,76.82,55,100,9.08,DZ,2021-06-16 01:54:57
540,Arroio Grande,-32.2375,-53.0869,44.78,78,13,5.95,BR,2021-06-16 01:54:58
541,Montana,43.4125,23.225,63.55,82,46,6.69,BG,2021-06-16 01:54:25
542,Felipe Carrillo Puerto,19.5833,-88.05,75.88,98,100,2.82,MX,2021-06-16 01:54:58
543,Henties Bay,-22.116,14.2845,54.86,79,39,4.12,NA,2021-06-16 01:52:33
544,Great Falls,47.5002,-111.3008,82.42,32,40,11.01,US,2021-06-16 01:54:58
545,Sorland,67.667,12.6934,43.88,76,100,11.5,NO,2021-06-16 01:54:58
546,Baykit,61.67,96.37,65.73,43,87,5.35,RU,2021-06-16 01:54:59
547,Tadine,-21.55,167.8833,77.72,77,50,7.45,NC,2021-06-16 01:54:59
548,Spirit River,55.7833,-118.8361,59.52,85,100,8.32,CA,2021-06-16 01:54:59
549,Gryazi,52.4966,39.9359,62.46,94,99,4.97,RU,2021-06-16 01:54:59
550,Gayeri,12.6497,0.4931,87.3,50,100,16.26,BF,2021-06-16 01:55:00
551,Altamira,-3.2033,-52.2064,71.04,99,39,1.36,BR,2021-06-16 01:55:00
552,Oranjestad,12.524,-70.027,82.35,78,20,16.11,AW,2021-06-16 01:55:00
553,Voh,-20.9667,164.7,82.54,63,38,7.96,NC,2021-06-16 01:55:00
554,Kavieng,-2.5744,150.7967,84.81,70,28,10.98,PG,2021-06-16 01:55:01
555,Kapustin Yar,48.5831,45.7372,68.63,71,0,5.23,RU,2021-06-16 01:55:01
556,Puurs,51.075,4.29,64.69,77,0,3.44,BE,2021-06-16 01:55:01
557,Tilichiki,60.4667,166.1,55.85,54,25,4.65,RU,2021-06-16 01:55:01
558,Ilheus,-14.7889,-39.0494,69.62,94,20,4.61,BR,2021-06-16 01:50:50
559,Opuwo,-18.0607,13.84,52.77,37,58,2.28,NA,2021-06-16 01:55:02
560,Iquique,-20.2208,-70.1431,64.44,78,45,3.36,CL,2021-06-16 01:53:37
561,Robertsport,6.7533,-11.3686,79.18,82,100,8.37,LR,2021-06-16 01:55:02
562,Russell,32.3502,-85.1999,81.68,69,1,4.61,US,2021-06-16 01:55:02
563,Zavitinsk,50.1167,129.45,69.46,85,95,9.98,RU,2021-06-16 01:55:03
564,Dzilam Gonzalez,21.2833,-88.9333,78.44,81,100,6.06,MX,2021-06-16 01:55:03
565,Rehoboth,-23.3167,17.0833,51.4,34,6,6.51,NA,2021-06-16 01:55:03
566,Nizhnevartovsk,60.9344,76.5531,64.42,82,20,6.71,RU,2021-06-16 01:55:03
567,Celestun,20.8667,-90.4,78.93,82,100,8.01,MX,2021-06-16 01:55:04
568,Soyo,-6.1349,12.3689,74.3,92,29,5.79,AO,2021-06-16 01:54:18
569,Gurupa,-1.405,-51.64,72.55,99,76,3.18,BR,2021-06-16 01:55:04
570,Praia,14.9215,-23.5087,73.35,85,100,7.0,CV,2021-06-16 01:55:04
571,Olafsvik,64.8945,-23.7142,38.84,68,54,32.06,IS,2021-06-16 01:55:04
572,Aleksandrovskiy Zavod,50.9237,117.9374,51.21,96,100,5.41,RU,2021-06-16 01:55:05
573,Concepcion,-36.827,-73.0498,53.4,82,90,6.91,CL,2021-06-16 01:55:05
574,Bilibino,68.0546,166.4372,59.65,62,86,12.33,RU,2021-06-16 01:55:05
575,Khandyga,62.6667,135.6,75.63,26,100,10.29,RU,2021-06-16 01:55:05
576,Chopovychi,50.8332,28.9533,55.56,93,3,8.03,UA,2021-06-16 01:55:06
577,Kainantu,-6.2887,145.8655,68.49,72,100,4.52,PG,2021-06-16 01:55:06
578,Stephenville Crossing,48.5,-58.4318,53.73,62,75,11.5,CA,2021-06-16 01:55:06
579,Abilene,32.4487,-99.7331,88.02,53,1,1.01,US,2021-06-16 01:55:06
580,Ashqelon,31.6693,34.5715,70.41,71,0,3.58,IL,2021-06-16 01:55:07
581,Beringovskiy,63.05,179.3167,47.95,72,27,8.43,RU,2021-06-16 01:55:07
582,Chabahar,25.2919,60.643,85.46,88,0,4.21,IR,2021-06-16 01:55:07
583,Barkhan,29.8977,69.5256,78.17,52,0,1.19,PK,2021-06-16 01:55:07
584,Caxito,-8.5785,13.6643,68.16,99,47,3.47,AO,2021-06-16 01:55:08
585,Wawa,9.9022,4.4192,74.75,82,99,10.02,NG,2021-06-16 01:55:08
586,Chifeng,42.2683,118.9636,82.33,43,100,12.68,CN,2021-06-16 01:55:08
587,Bijapur,16.8333,75.7,72.09,87,100,18.01,IN,2021-06-16 01:55:08
588,Bayir,37.2687,28.2167,55.92,73,99,3.8,TR,2021-06-16 01:55:08
589,Caronport,50.4501,-105.8179,86.68,62,0,22.17,CA,2021-06-16 01:55:09
590,Artyom,40.4723,50.333,68.14,87,0,10.65,AZ,2021-06-16 01:55:09
591,Tecoanapa,16.5167,-98.75,79.99,82,100,2.86,MX,2021-06-16 01:53:17
592,Ghanzi,-21.5667,21.7833,53.56,35,55,5.91,BW,2021-06-16 01:55:09
593,Meulaboh,4.1363,96.1285,81.55,74,100,0.81,ID,2021-06-16 01:55:09
594,Buala,-8.145,159.5921,85.33,67,8,8.57,SB,2021-06-16 01:55:10
595,Perpignan,42.75,2.75,73.53,59,0,4.61,FR,2021-06-16 01:55:10
596,Mastic Beach,40.7668,-72.8521,71.85,71,1,5.01,US,2021-06-16 01:55:10
597,Ust-Karsk,52.7011,118.8077,65.26,48,100,3.8,RU,2021-06-16 01:55:10
598,Zhigalovo,54.8097,105.1578,49.37,94,100,4.09,RU,2021-06-16 01:55:11
599,Ust-Nera,64.5667,143.2,68.05,33,8,11.07,RU,2021-06-16 01:55:11
600,Derzhavinsk,51.1,66.3167,79.63,27,28,3.27,KZ,2021-06-16 01:55:11
601,Arvika,59.6553,12.5852,47.01,94,32,2.8,SE,2021-06-16 01:55:11
602,Kupang,-10.1667,123.5833,84.78,61,20,9.22,ID,2021-06-16 01:51:27
603,Awjilah,29.1081,21.2869,72.81,49,0,10.0,LY,2021-06-16 01:55:12
604,Bozeman,45.6796,-111.0386,92.62,12,1,21.85,US,2021-06-16 01:50:58
605,Alofi,-19.0595,-169.9187,80.49,74,75,14.97,NU,2021-06-16 01:55:12
606,Maceio,-9.6658,-35.7353,74.64,94,75,3.44,BR,2021-06-16 01:55:12
607,Ejido,8.5514,-71.2375,67.21,92,100,4.45,VE,2021-06-16 01:55:12
608,Walvis Bay,-22.9575,14.5053,55.09,100,61,3.44,NA,2021-06-16 01:55:13
609,Lopatino,52.6195,45.8118,61.93,81,13,3.91,RU,2021-06-16 01:55:13
610,Keuruu,62.2667,24.7,48.94,72,3,8.21,FI,2021-06-16 01:55:13
611,Pangai,-19.8,-174.35,82.51,65,20,12.66,TO,2021-06-16 01:55:13
612,Pontianak,-0.0333,109.3333,82.38,89,20,3.44,ID,2021-06-16 01:50:39
613,Candido Mendes,-1.4467,-45.7167,73.62,96,21,3.29,BR,2021-06-16 01:55:14
614,Okhotsk,59.3833,143.3,44.58,96,100,11.59,RU,2021-06-16 01:55:14
615,Yuanping,38.7153,112.7575,65.48,89,100,3.87,CN,2021-06-16 01:55:14
616,Victoria,22.2855,114.1577,89.65,79,100,1.01,HK,2021-06-16 01:50:42
617,Sao Desiderio,-12.3633,-44.9733,65.93,78,1,3.71,BR,2021-06-16 01:55:14
618,Paita,-5.0892,-81.1144,69.91,80,45,12.55,PE,2021-06-16 01:55:15
619,Lucea,18.451,-78.1736,84.06,80,72,7.02,JM,2021-06-16 01:55:15
620,Wajid,3.8093,43.2471,69.37,77,95,16.44,SO,2021-06-16 01:55:15
621,Egvekinot,66.3167,-179.1667,39.45,80,72,7.38,RU,2021-06-16 01:55:15
622,Herat,34.5,62.0,66.79,11,0,9.4,AF,2021-06-16 01:55:16
623,Mosquera,4.7059,-74.2302,51.89,100,89,2.3,CO,2021-06-16 01:53:06
624,Colares,38.7992,-9.4469,66.43,84,79,1.99,PT,2021-06-16 01:55:16
625,Ilebo,-4.3167,20.5833,67.06,50,88,1.54,CD,2021-06-16 01:55:16
626,Aloleng,16.1307,119.7824,85.28,74,100,12.41,PH,2021-06-16 01:55:16
627,Kalmunai,7.4167,81.8167,81.41,65,100,3.11,LK,2021-06-16 01:55:17
628,College,64.8569,-147.8028,84.99,27,20,3.44,US,2021-06-16 01:52:43
629,Tevriz,57.509,72.4042,65.14,89,14,7.7,RU,2021-06-16 01:55:17
630,Rio Verde De Mato Grosso,-18.9181,-54.8442,67.46,53,83,5.5,BR,2021-06-16 01:55:17
631,Shahrud,36.4182,54.9763,71.64,44,0,7.99,IR,2021-06-16 01:55:17
632,Sungaipenuh,-2.0833,101.3833,71.55,83,33,0.89,ID,2021-06-16 01:55:18
633,Ulladulla,-35.35,150.4667,65.88,48,0,4.94,AU,2021-06-16 01:55:18
634,Sisimiut,66.9395,-53.6735,35.69,97,100,7.05,GL,2021-06-16 01:52:54
635,Atar,20.5169,-13.0499,89.87,21,7,3.98,MR,2021-06-16 01:55:18
636,Paramonga,-10.6667,-77.8333,66.18,84,75,8.01,PE,2021-06-16 01:55:18
637,Arrecife,28.963,-13.5477,69.87,73,20,1.14,ES,2021-06-16 01:55:19
638,Vawkavysk,53.1561,24.4513,48.49,89,8,7.18,BY,2021-06-16 01:55:19
639,Khotynets,53.1286,35.3966,57.79,95,10,6.29,RU,2021-06-16 01:55:19
640,Asau,46.4333,26.4,62.96,86,29,6.98,RO,2021-06-16 01:55:19
641,Hillsborough,37.5741,-122.3794,83.84,63,1,25.01,US,2021-06-16 01:55:20
642,Simao,22.7886,100.9748,70.05,94,100,2.82,CN,2021-06-16 01:55:20
643,Upata,8.0086,-62.3989,73.18,96,57,3.44,VE,2021-06-16 01:55:20
644,Pokhara,28.2333,83.9833,76.78,78,97,2.13,NP,2021-06-16 01:55:20
645,Raga,8.4596,25.678,68.72,91,68,4.45,SS,2021-06-16 01:55:21
646,Sparks,39.5349,-119.7527,88.66,13,1,17.27,US,2021-06-16 01:53:45
647,Ayan,56.45,138.1667,44.89,92,100,7.56,RU,2021-06-16 01:55:21
648,Kieta,-6.2167,155.6333,84.47,70,90,6.44,PG,2021-06-16 01:55:21
649,Pahrump,36.2083,-115.9839,106.25,5,100,1.01,US,2021-06-16 01:55:21
650,Santa Maria,-29.6842,-53.8069,52.9,94,90,3.44,BR,2021-06-16 01:55:22
651,Northam,51.0333,-4.2167,57.02,92,66,5.28,GB,2021-06-16 01:55:22
652,Swan Hill,-35.3378,143.5544,57.76,55,3,11.27,AU,2021-06-16 01:55:22
653,Keti Bandar,24.1447,67.4497,83.37,82,100,13.29,PK,2021-06-16 01:55:22
654,Tomatlan,19.9333,-105.25,81.86,75,100,3.83,MX,2021-06-16 01:55:23
655,Worland,44.0169,-107.9554,97.61,19,0,7.0,US,2021-06-16 01:55:23
656,Lichinga,-13.3128,35.2406,47.5,90,84,4.72,MZ,2021-06-16 01:55:23
657,Chippewa Falls,44.9369,-91.3929,77.18,38,1,9.22,US,2021-06-16 01:55:23
658,Ambad,19.6167,75.8,74.19,68,9,15.52,IN,2021-06-16 01:55:24
659,Oyama,36.3,139.8,80.49,66,100,4.36,JP,2021-06-16 01:55:24
660,Outjo,-20.1167,16.15,50.88,37,97,2.39,NA,2021-06-16 01:55:24
661,Trairi,-3.2778,-39.2689,74.86,92,4,5.37,BR,2021-06-16 01:53:06
662,Itoman,26.1247,127.6694,86.38,89,75,13.8,JP,2021-06-16 01:55:24
663,Asino,56.9979,86.1452,66.33,80,83,3.33,RU,2021-06-16 01:55:25
664,Khani,41.9563,42.9566,60.37,94,80,0.92,GE,2021-06-16 01:55:25
665,Buraydah,26.326,43.975,84.65,17,3,10.02,SA,2021-06-16 01:55:25
666,Lebanon,36.2081,-86.2911,75.42,72,1,3.44,US,2021-06-16 01:55:25
667,Dakar,14.6937,-17.4441,77.88,89,86,12.95,SN,2021-06-16 01:53:12
668,Tautira,-17.7333,-149.15,82.42,82,74,22.62,PF,2021-06-16 01:55:26
669,Povenets,62.8487,34.8262,49.59,74,0,7.56,RU,2021-06-16 01:55:26
670,Leeton,-34.5667,146.4,61.9,67,75,12.66,AU,2021-06-16 01:55:26
671,Parabel,58.6978,81.4825,70.14,63,21,9.28,RU,2021-06-16 01:55:26
672,Bogande,12.9714,-0.1436,91.71,40,99,16.22,BF,2021-06-16 01:55:27
673,Cabedelo,-6.9811,-34.8339,74.07,88,59,10.45,BR,2021-06-16 01:55:27
674,Katobu,-4.9408,122.5276,78.64,82,87,3.78,ID,2021-06-16 01:53:04
675,Ambon,-3.6954,128.1814,84.34,74,40,2.3,ID,2021-06-16 01:53:57
676,Puerto El Triunfo,13.2833,-88.55,77.16,88,100,6.64,SV,2021-06-16 01:55:27
677,Havre-Saint-Pierre,50.2334,-63.5986,54.19,100,90,10.36,CA,2021-06-16 01:55:27
678,Alanya,36.5438,31.9998,68.23,74,1,4.92,TR,2021-06-16 01:55:28
679,North Battleford,52.7834,-108.2847,78.89,57,90,12.66,CA,2021-06-16 01:55:28
680,Bo Phloi,14.3236,99.5161,81.32,87,100,5.19,TH,2021-06-16 01:55:28
681,Quelimane,-17.8786,36.8883,65.39,94,19,0.78,MZ,2021-06-16 01:55:28
682,Ostrovnoy,68.0531,39.5131,41.38,95,100,26.19,RU,2021-06-16 01:55:29
683,Simdega,22.6167,84.5167,77.59,86,100,10.71,IN,2021-06-16 01:55:29
684,Shimorskoye,55.3244,42.0267,59.92,94,71,3.33,RU,2021-06-16 01:55:29
685,Falam,22.9167,93.6833,68.97,87,91,3.0,MM,2021-06-16 01:55:29
686,Wanaka,-44.7,169.15,49.86,86,100,2.82,NZ,2021-06-16 01:55:30
687,Hohhot,40.8106,111.6522,64.69,77,75,0.0,CN,2021-06-16 01:55:30
688,Ngunguru,-35.6167,174.5,64.17,68,36,8.1,NZ,2021-06-16 01:55:30
689,Qui Nhon,13.7667,109.2333,89.37,57,22,9.75,VN,2021-06-16 01:55:30
690,Nsunga,-1.1439,31.3947,64.06,75,100,1.81,TZ,2021-06-16 01:55:30
691,Gannan,47.9147,123.5031,81.01,51,100,10.58,CN,2021-06-16 01:55:31
692,Oskemen,49.9565,82.6119,62.56,63,49,2.24,KZ,2021-06-16 01:55:31
693,Khor,47.8861,134.9464,76.82,63,6,7.7,RU,2021-06-16 01:55:31
694,Bad Nenndorf,52.3333,9.3667,56.7,82,100,3.44,DE,2021-06-16 01:55:31
695,Santiago,-33.4569,-70.6483,55.85,62,90,3.44,CL,2021-06-16 01:55:32
696,Keskin,39.6731,33.6136,54.07,63,18,2.39,TR,2021-06-16 01:55:32
697,Moba,33.2288,105.0179,56.79,89,100,8.63,CN,2021-06-16 01:55:32
698,Mutare,-18.9707,32.6709,47.71,94,32,2.01,ZW,2021-06-16 01:55:32
699,Dayong,25.0209,118.2898,91.08,67,100,1.68,CN,2021-06-16 01:55:33
700,Oistins,13.0667,-59.5333,80.69,69,90,18.41,BB,2021-06-16 01:54:33
701,Gonen,40.1049,27.654,58.96,93,100,5.12,TR,2021-06-16 01:55:33
702,Kilindoni,-7.9139,39.6668,77.13,72,86,17.05,TZ,2021-06-16 01:55:33
703,Sambava,-14.2667,50.1667,69.53,87,22,11.01,MG,2021-06-16 01:55:33
704,Koumac,-20.5667,164.2833,79.18,71,25,8.66,NC,2021-06-16 01:55:34
705,Anloga,5.7947,0.8973,82.62,82,90,14.03,GH,2021-06-16 01:55:34
706,Shelburne,44.0787,-80.2041,58.28,52,10,9.55,CA,2021-06-16 01:53:10
707,Gazojak,41.1875,61.4036,79.7,20,0,9.95,TM,2021-06-16 01:55:34
708,Flin Flon,54.7682,-101.865,75.24,42,2,14.03,CA,2021-06-16 01:55:34
709,Antalaha,-14.9003,50.2788,68.58,89,28,8.12,MG,2021-06-16 01:55:35
710,Tucuman,-26.8241,-65.2226,46.4,87,90,4.61,AR,2021-06-16 01:55:35
711,Ewo,-0.8725,14.8206,75.02,78,100,5.35,CG,2021-06-16 01:55:35
